timestamp1,txn_count
2015-08-01 00:00:00.000000 UTC,147481
2015-08-02 00:00:00.000000 UTC,103600
2015-08-03 00:00:00.000000 UTC,119844
2015-08-04 00:00:00.000000 UTC,132547
2015-08-05 00:00:00.000000 UTC,133758
2015-08-06 00:00:00.000000 UTC,134838
2015-08-07 00:00:00.000000 UTC,111345
2015-08-08 00:00:00.000000 UTC,101512
2015-08-09 00:00:00.000000 UTC,90534
2015-08-10 00:00:00.000000 UTC,116841
2015-08-11 00:00:00.000000 UTC,114741
2015-08-12 00:00:00.000000 UTC,117898
2015-08-13 00:00:00.000000 UTC,117507
2015-08-14 00:00:00.000000 UTC,111255
2015-08-15 00:00:00.000000 UTC,94944
2015-08-16 00:00:00.000000 UTC,89498
2015-08-17 00:00:00.000000 UTC,115049
2015-08-18 00:00:00.000000 UTC,119798
2015-08-19 00:00:00.000000 UTC,120151
2015-08-20 00:00:00.000000 UTC,118230
2015-08-21 00:00:00.000000 UTC,113792
2015-08-22 00:00:00.000000 UTC,105665
2015-08-23 00:00:00.000000 UTC,94529
2015-08-24 00:00:00.000000 UTC,125368
2015-08-25 00:00:00.000000 UTC,121973
2015-08-26 00:00:00.000000 UTC,122852
2015-08-27 00:00:00.000000 UTC,120079
2015-08-28 00:00:00.000000 UTC,120385
2015-08-29 00:00:00.000000 UTC,107489
2015-08-30 00:00:00.000000 UTC,98339
2015-08-31 00:00:00.000000 UTC,127260
2015-09-01 00:00:00.000000 UTC,130410
2015-09-02 00:00:00.000000 UTC,150066
2015-09-03 00:00:00.000000 UTC,128682
2015-09-04 00:00:00.000000 UTC,103973
2015-09-05 00:00:00.000000 UTC,124218
2015-09-06 00:00:00.000000 UTC,106293
2015-09-07 00:00:00.000000 UTC,125467
2015-09-08 00:00:00.000000 UTC,125379
2015-09-09 00:00:00.000000 UTC,126457
2015-09-10 00:00:00.000000 UTC,124951
2015-09-11 00:00:00.000000 UTC,180002
2015-09-12 00:00:00.000000 UTC,137740
2015-09-13 00:00:00.000000 UTC,146048
2015-09-14 00:00:00.000000 UTC,166715
2015-09-15 00:00:00.000000 UTC,162999
2015-09-16 00:00:00.000000 UTC,167269
2015-09-17 00:00:00.000000 UTC,259279
2015-09-18 00:00:00.000000 UTC,161504
2015-09-19 00:00:00.000000 UTC,114851
2015-09-20 00:00:00.000000 UTC,109158
2015-09-21 00:00:00.000000 UTC,131679
2015-09-22 00:00:00.000000 UTC,136784
2015-09-23 00:00:00.000000 UTC,131400
2015-09-24 00:00:00.000000 UTC,125367
2015-09-25 00:00:00.000000 UTC,128166
2015-09-26 00:00:00.000000 UTC,115622
2015-09-27 00:00:00.000000 UTC,108749
2015-09-28 00:00:00.000000 UTC,138570
2015-09-29 00:00:00.000000 UTC,140664
2015-09-30 00:00:00.000000 UTC,139848
2015-10-01 00:00:00.000000 UTC,134327
2015-10-02 00:00:00.000000 UTC,139746
2015-10-03 00:00:00.000000 UTC,119567
2015-10-04 00:00:00.000000 UTC,103531
2015-10-05 00:00:00.000000 UTC,125548
2015-10-06 00:00:00.000000 UTC,144510
2015-10-07 00:00:00.000000 UTC,134931
2015-10-08 00:00:00.000000 UTC,140348
2015-10-09 00:00:00.000000 UTC,114644
2015-10-10 00:00:00.000000 UTC,127005
2015-10-11 00:00:00.000000 UTC,104550
2015-10-12 00:00:00.000000 UTC,134410
2015-10-13 00:00:00.000000 UTC,134878
2015-10-14 00:00:00.000000 UTC,141985
2015-10-15 00:00:00.000000 UTC,153495
2015-10-16 00:00:00.000000 UTC,143286
2015-10-17 00:00:00.000000 UTC,135911
2015-10-18 00:00:00.000000 UTC,119706
2015-10-19 00:00:00.000000 UTC,143969
2015-10-20 00:00:00.000000 UTC,146349
2015-10-21 00:00:00.000000 UTC,150199
2015-10-22 00:00:00.000000 UTC,147402
2015-10-23 00:00:00.000000 UTC,143468
2015-10-24 00:00:00.000000 UTC,140128
2015-10-25 00:00:00.000000 UTC,131488
2015-10-26 00:00:00.000000 UTC,116400
2015-10-27 00:00:00.000000 UTC,153740
2015-10-28 00:00:00.000000 UTC,160175
2015-10-29 00:00:00.000000 UTC,161062
2015-10-30 00:00:00.000000 UTC,166695
2015-10-31 00:00:00.000000 UTC,155400
2015-11-01 00:00:00.000000 UTC,152488
2015-11-02 00:00:00.000000 UTC,172108
2015-11-03 00:00:00.000000 UTC,186362
2015-11-04 00:00:00.000000 UTC,204198
2015-11-05 00:00:00.000000 UTC,182809
2015-11-06 00:00:00.000000 UTC,166893
2015-11-07 00:00:00.000000 UTC,151497
2015-11-08 00:00:00.000000 UTC,132550
2015-11-09 00:00:00.000000 UTC,159836
2015-11-10 00:00:00.000000 UTC,161962
2015-11-11 00:00:00.000000 UTC,158929
2015-11-12 00:00:00.000000 UTC,157847
2015-11-13 00:00:00.000000 UTC,154827
2015-11-14 00:00:00.000000 UTC,150474
2015-11-15 00:00:00.000000 UTC,143369
2015-11-16 00:00:00.000000 UTC,158316
2015-11-17 00:00:00.000000 UTC,156688
2015-11-18 00:00:00.000000 UTC,165269
2015-11-19 00:00:00.000000 UTC,154483
2015-11-20 00:00:00.000000 UTC,155774
2015-11-21 00:00:00.000000 UTC,151035
2015-11-22 00:00:00.000000 UTC,129659
2015-11-23 00:00:00.000000 UTC,145272
2015-11-24 00:00:00.000000 UTC,152324
2015-11-25 00:00:00.000000 UTC,151861
2015-11-26 00:00:00.000000 UTC,164671
2015-11-27 00:00:00.000000 UTC,160235
2015-11-28 00:00:00.000000 UTC,165676
2015-11-29 00:00:00.000000 UTC,129850
2015-11-30 00:00:00.000000 UTC,182648
2015-12-01 00:00:00.000000 UTC,178112
2015-12-02 00:00:00.000000 UTC,183523
2015-12-03 00:00:00.000000 UTC,164774
2015-12-04 00:00:00.000000 UTC,173586
2015-12-05 00:00:00.000000 UTC,186194
2015-12-06 00:00:00.000000 UTC,179712
2015-12-07 00:00:00.000000 UTC,192830
2015-12-08 00:00:00.000000 UTC,195221
2015-12-09 00:00:00.000000 UTC,220323
2015-12-10 00:00:00.000000 UTC,212036
2015-12-11 00:00:00.000000 UTC,210259
2015-12-12 00:00:00.000000 UTC,204141
2015-12-13 00:00:00.000000 UTC,189914
2015-12-14 00:00:00.000000 UTC,231477
2015-12-15 00:00:00.000000 UTC,223998
2015-12-16 00:00:00.000000 UTC,220420
2015-12-17 00:00:00.000000 UTC,216297
2015-12-18 00:00:00.000000 UTC,213847
2015-12-19 00:00:00.000000 UTC,213876
2015-12-20 00:00:00.000000 UTC,193847
2015-12-21 00:00:00.000000 UTC,229444
2015-12-22 00:00:00.000000 UTC,222717
2015-12-23 00:00:00.000000 UTC,221075
2015-12-24 00:00:00.000000 UTC,210228
2015-12-25 00:00:00.000000 UTC,180383
2015-12-26 00:00:00.000000 UTC,179363
2015-12-27 00:00:00.000000 UTC,160271
2015-12-28 00:00:00.000000 UTC,173129
2015-12-29 00:00:00.000000 UTC,184618
2015-12-30 00:00:00.000000 UTC,176447
2015-12-31 00:00:00.000000 UTC,155362
2016-01-01 00:00:00.000000 UTC,124092
2016-01-02 00:00:00.000000 UTC,149038
2016-01-03 00:00:00.000000 UTC,142608
2016-01-04 00:00:00.000000 UTC,181354
2016-01-05 00:00:00.000000 UTC,182371
2016-01-06 00:00:00.000000 UTC,172090
2016-01-07 00:00:00.000000 UTC,190234
2016-01-08 00:00:00.000000 UTC,181407
2016-01-09 00:00:00.000000 UTC,179968
2016-01-10 00:00:00.000000 UTC,161317
2016-01-11 00:00:00.000000 UTC,191196
2016-01-12 00:00:00.000000 UTC,194874
2016-01-13 00:00:00.000000 UTC,188131
2016-01-14 00:00:00.000000 UTC,183182
2016-01-15 00:00:00.000000 UTC,183642
2016-01-16 00:00:00.000000 UTC,191300
2016-01-17 00:00:00.000000 UTC,204128
2016-01-18 00:00:00.000000 UTC,213905
2016-01-19 00:00:00.000000 UTC,186858
2016-01-20 00:00:00.000000 UTC,209071
2016-01-21 00:00:00.000000 UTC,222743
2016-01-22 00:00:00.000000 UTC,213683
2016-01-23 00:00:00.000000 UTC,190400
2016-01-24 00:00:00.000000 UTC,201425
2016-01-25 00:00:00.000000 UTC,222150
2016-01-26 00:00:00.000000 UTC,230523
2016-01-27 00:00:00.000000 UTC,229677
2016-01-28 00:00:00.000000 UTC,225025
2016-01-29 00:00:00.000000 UTC,224394
2016-01-30 00:00:00.000000 UTC,194794
2016-01-31 00:00:00.000000 UTC,176045
2016-02-01 00:00:00.000000 UTC,222398
2016-02-02 00:00:00.000000 UTC,241722
2016-02-03 00:00:00.000000 UTC,191224
2016-02-04 00:00:00.000000 UTC,200661
2016-02-05 00:00:00.000000 UTC,225488
2016-02-06 00:00:00.000000 UTC,224156
2016-02-07 00:00:00.000000 UTC,212190
2016-02-08 00:00:00.000000 UTC,224755
2016-02-09 00:00:00.000000 UTC,231240
2016-02-10 00:00:00.000000 UTC,235527
2016-02-11 00:00:00.000000 UTC,220934
2016-02-12 00:00:00.000000 UTC,202527
2016-02-13 00:00:00.000000 UTC,184675
2016-02-14 00:00:00.000000 UTC,186088
2016-02-15 00:00:00.000000 UTC,220349
2016-02-16 00:00:00.000000 UTC,215940
2016-02-17 00:00:00.000000 UTC,227235
2016-02-18 00:00:00.000000 UTC,212979
2016-02-19 00:00:00.000000 UTC,217436
2016-02-20 00:00:00.000000 UTC,215728
2016-02-21 00:00:00.000000 UTC,206617
2016-02-22 00:00:00.000000 UTC,237696
2016-02-23 00:00:00.000000 UTC,244748
2016-02-24 00:00:00.000000 UTC,224927
2016-02-25 00:00:00.000000 UTC,216290
2016-02-26 00:00:00.000000 UTC,203635
2016-02-27 00:00:00.000000 UTC,182177
2016-02-28 00:00:00.000000 UTC,233436
2016-02-29 00:00:00.000000 UTC,265320
2016-03-01 00:00:00.000000 UTC,277094
2016-03-02 00:00:00.000000 UTC,270206
2016-03-03 00:00:00.000000 UTC,221652
2016-03-04 00:00:00.000000 UTC,207485
2016-03-05 00:00:00.000000 UTC,234992
2016-03-06 00:00:00.000000 UTC,161739
2016-03-07 00:00:00.000000 UTC,183255
2016-03-08 00:00:00.000000 UTC,200298
2016-03-09 00:00:00.000000 UTC,190388
2016-03-10 00:00:00.000000 UTC,188726
2016-03-11 00:00:00.000000 UTC,189816
2016-03-12 00:00:00.000000 UTC,168013
2016-03-13 00:00:00.000000 UTC,149803
2016-03-14 00:00:00.000000 UTC,191341
2016-03-15 00:00:00.000000 UTC,202426
2016-03-16 00:00:00.000000 UTC,211992
2016-03-17 00:00:00.000000 UTC,208319
2016-03-18 00:00:00.000000 UTC,206022
2016-03-19 00:00:00.000000 UTC,177478
2016-03-20 00:00:00.000000 UTC,178143
2016-03-21 00:00:00.000000 UTC,199006
2016-03-22 00:00:00.000000 UTC,205208
2016-03-23 00:00:00.000000 UTC,186808
2016-03-24 00:00:00.000000 UTC,190094
2016-03-25 00:00:00.000000 UTC,172309
2016-03-26 00:00:00.000000 UTC,159049
2016-03-27 00:00:00.000000 UTC,160266
2016-03-28 00:00:00.000000 UTC,196080
2016-03-29 00:00:00.000000 UTC,197409
2016-03-30 00:00:00.000000 UTC,201028
2016-03-31 00:00:00.000000 UTC,206476
2016-04-01 00:00:00.000000 UTC,211922
2016-04-02 00:00:00.000000 UTC,183503
2016-04-03 00:00:00.000000 UTC,178429
2016-04-04 00:00:00.000000 UTC,208929
2016-04-05 00:00:00.000000 UTC,216176
2016-04-06 00:00:00.000000 UTC,219290
2016-04-07 00:00:00.000000 UTC,218463
2016-04-08 00:00:00.000000 UTC,214191
2016-04-09 00:00:00.000000 UTC,196441
2016-04-10 00:00:00.000000 UTC,186954
2016-04-11 00:00:00.000000 UTC,230040
2016-04-12 00:00:00.000000 UTC,240206
2016-04-13 00:00:00.000000 UTC,223506
2016-04-14 00:00:00.000000 UTC,227928
2016-04-15 00:00:00.000000 UTC,212178
2016-04-16 00:00:00.000000 UTC,182004
2016-04-17 00:00:00.000000 UTC,192428
2016-04-18 00:00:00.000000 UTC,220395
2016-04-19 00:00:00.000000 UTC,226511
2016-04-20 00:00:00.000000 UTC,216780
2016-04-21 00:00:00.000000 UTC,212795
2016-04-22 00:00:00.000000 UTC,210976
2016-04-23 00:00:00.000000 UTC,185216
2016-04-24 00:00:00.000000 UTC,183155
2016-04-25 00:00:00.000000 UTC,217564
2016-04-26 00:00:00.000000 UTC,250744
2016-04-27 00:00:00.000000 UTC,239435
2016-04-28 00:00:00.000000 UTC,247957
2016-04-29 00:00:00.000000 UTC,261884
2016-04-30 00:00:00.000000 UTC,215712
2016-05-01 00:00:00.000000 UTC,191430
2016-05-02 00:00:00.000000 UTC,223785
2016-05-03 00:00:00.000000 UTC,235609
2016-05-04 00:00:00.000000 UTC,233691
2016-05-05 00:00:00.000000 UTC,229573
2016-05-06 00:00:00.000000 UTC,233232
2016-05-07 00:00:00.000000 UTC,202062
2016-05-08 00:00:00.000000 UTC,189025
2016-05-09 00:00:00.000000 UTC,226449
2016-05-10 00:00:00.000000 UTC,245721
2016-05-11 00:00:00.000000 UTC,234412
2016-05-12 00:00:00.000000 UTC,228409
2016-05-13 00:00:00.000000 UTC,232146
2016-05-14 00:00:00.000000 UTC,211280
2016-05-15 00:00:00.000000 UTC,200171
2016-05-16 00:00:00.000000 UTC,239809
2016-05-17 00:00:00.000000 UTC,238626
2016-05-18 00:00:00.000000 UTC,235083
2016-05-19 00:00:00.000000 UTC,219145
2016-05-20 00:00:00.000000 UTC,209396
2016-05-21 00:00:00.000000 UTC,191461
2016-05-22 00:00:00.000000 UTC,184348
2016-05-23 00:00:00.000000 UTC,222754
2016-05-24 00:00:00.000000 UTC,246517
2016-05-25 00:00:00.000000 UTC,247841
2016-05-26 00:00:00.000000 UTC,220091
2016-05-27 00:00:00.000000 UTC,215296
2016-05-28 00:00:00.000000 UTC,193054
2016-05-29 00:00:00.000000 UTC,178742
2016-05-30 00:00:00.000000 UTC,211368
2016-05-31 00:00:00.000000 UTC,215249
2016-06-01 00:00:00.000000 UTC,234384
2016-06-02 00:00:00.000000 UTC,231099
2016-06-03 00:00:00.000000 UTC,234669
2016-06-04 00:00:00.000000 UTC,196665
2016-06-05 00:00:00.000000 UTC,189802
2016-06-06 00:00:00.000000 UTC,221171
2016-06-07 00:00:00.000000 UTC,231016
2016-06-08 00:00:00.000000 UTC,229933
2016-06-09 00:00:00.000000 UTC,236353
2016-06-10 00:00:00.000000 UTC,228367
2016-06-11 00:00:00.000000 UTC,213159
2016-06-12 00:00:00.000000 UTC,210711
2016-06-13 00:00:00.000000 UTC,251354
2016-06-14 00:00:00.000000 UTC,246829
2016-06-15 00:00:00.000000 UTC,259202
2016-06-16 00:00:00.000000 UTC,267870
2016-06-17 00:00:00.000000 UTC,253752
2016-06-18 00:00:00.000000 UTC,235317
2016-06-19 00:00:00.000000 UTC,218298
2016-06-20 00:00:00.000000 UTC,249334
2016-06-21 00:00:00.000000 UTC,248164
2016-06-22 00:00:00.000000 UTC,235641
2016-06-23 00:00:00.000000 UTC,241300
2016-06-24 00:00:00.000000 UTC,237625
2016-06-25 00:00:00.000000 UTC,206919
2016-06-26 00:00:00.000000 UTC,181348
2016-06-27 00:00:00.000000 UTC,217029
2016-06-28 00:00:00.000000 UTC,212607
2016-06-29 00:00:00.000000 UTC,224112
2016-06-30 00:00:00.000000 UTC,231960
2016-07-01 00:00:00.000000 UTC,205801
2016-07-02 00:00:00.000000 UTC,198875
2016-07-03 00:00:00.000000 UTC,177127
2016-07-04 00:00:00.000000 UTC,213900
2016-07-05 00:00:00.000000 UTC,214959
2016-07-06 00:00:00.000000 UTC,214691
2016-07-07 00:00:00.000000 UTC,215548
2016-07-08 00:00:00.000000 UTC,210701
2016-07-09 00:00:00.000000 UTC,185405
2016-07-10 00:00:00.000000 UTC,162608
2016-07-11 00:00:00.000000 UTC,218089
2016-07-12 00:00:00.000000 UTC,219034
2016-07-13 00:00:00.000000 UTC,216503
2016-07-14 00:00:00.000000 UTC,217695
2016-07-15 00:00:00.000000 UTC,216081
2016-07-16 00:00:00.000000 UTC,182192
2016-07-17 00:00:00.000000 UTC,171013
2016-07-18 00:00:00.000000 UTC,222835
2016-07-19 00:00:00.000000 UTC,222146
2016-07-20 00:00:00.000000 UTC,227429
2016-07-21 00:00:00.000000 UTC,217606
2016-07-22 00:00:00.000000 UTC,221404
2016-07-23 00:00:00.000000 UTC,195796
2016-07-24 00:00:00.000000 UTC,183890
2016-07-25 00:00:00.000000 UTC,239715
2016-07-26 00:00:00.000000 UTC,237673
2016-07-27 00:00:00.000000 UTC,235603
2016-07-28 00:00:00.000000 UTC,234863
2016-07-29 00:00:00.000000 UTC,231414
2016-07-30 00:00:00.000000 UTC,199484
2016-07-31 00:00:00.000000 UTC,192254
2016-08-01 00:00:00.000000 UTC,225049
2016-08-02 00:00:00.000000 UTC,251098
2016-08-03 00:00:00.000000 UTC,241782
2016-08-04 00:00:00.000000 UTC,231835
2016-08-05 00:00:00.000000 UTC,228244
2016-08-06 00:00:00.000000 UTC,195669
2016-08-07 00:00:00.000000 UTC,192414
2016-08-08 00:00:00.000000 UTC,235295
2016-08-09 00:00:00.000000 UTC,231400
2016-08-10 00:00:00.000000 UTC,244740
2016-08-11 00:00:00.000000 UTC,254515
2016-08-12 00:00:00.000000 UTC,232973
2016-08-13 00:00:00.000000 UTC,214569
2016-08-14 00:00:00.000000 UTC,200174
2016-08-15 00:00:00.000000 UTC,202896
2016-08-16 00:00:00.000000 UTC,254431
2016-08-17 00:00:00.000000 UTC,238003
2016-08-18 00:00:00.000000 UTC,239541
2016-08-19 00:00:00.000000 UTC,246095
2016-08-20 00:00:00.000000 UTC,208224
2016-08-21 00:00:00.000000 UTC,184904
2016-08-22 00:00:00.000000 UTC,228373
2016-08-23 00:00:00.000000 UTC,239021
2016-08-24 00:00:00.000000 UTC,235130
2016-08-25 00:00:00.000000 UTC,234009
2016-08-26 00:00:00.000000 UTC,226767
2016-08-27 00:00:00.000000 UTC,191098
2016-08-28 00:00:00.000000 UTC,174489
2016-08-29 00:00:00.000000 UTC,225282
2016-08-30 00:00:00.000000 UTC,252002
2016-08-31 00:00:00.000000 UTC,225360
2016-09-01 00:00:00.000000 UTC,237466
2016-09-02 00:00:00.000000 UTC,225856
2016-09-03 00:00:00.000000 UTC,182204
2016-09-04 00:00:00.000000 UTC,183244
2016-09-05 00:00:00.000000 UTC,227683
2016-09-06 00:00:00.000000 UTC,232118
2016-09-07 00:00:00.000000 UTC,250809
2016-09-08 00:00:00.000000 UTC,227006
2016-09-09 00:00:00.000000 UTC,220534
2016-09-10 00:00:00.000000 UTC,193320
2016-09-11 00:00:00.000000 UTC,180391
2016-09-12 00:00:00.000000 UTC,208649
2016-09-13 00:00:00.000000 UTC,239886
2016-09-14 00:00:00.000000 UTC,231800
2016-09-15 00:00:00.000000 UTC,233488
2016-09-16 00:00:00.000000 UTC,211128
2016-09-17 00:00:00.000000 UTC,215529
2016-09-18 00:00:00.000000 UTC,191603
2016-09-19 00:00:00.000000 UTC,223540
2016-09-20 00:00:00.000000 UTC,244315
2016-09-21 00:00:00.000000 UTC,239216
2016-09-22 00:00:00.000000 UTC,231227
2016-09-23 00:00:00.000000 UTC,223187
2016-09-24 00:00:00.000000 UTC,208650
2016-09-25 00:00:00.000000 UTC,195642
2016-09-26 00:00:00.000000 UTC,230769
2016-09-27 00:00:00.000000 UTC,240335
2016-09-28 00:00:00.000000 UTC,234995
2016-09-29 00:00:00.000000 UTC,242730
2016-09-30 00:00:00.000000 UTC,250943
2016-10-01 00:00:00.000000 UTC,213930
2016-10-02 00:00:00.000000 UTC,192683
2016-10-03 00:00:00.000000 UTC,258805
2016-10-04 00:00:00.000000 UTC,264662
2016-10-05 00:00:00.000000 UTC,266811
2016-10-06 00:00:00.000000 UTC,274486
2016-10-07 00:00:00.000000 UTC,266324
2016-10-08 00:00:00.000000 UTC,250672
2016-10-09 00:00:00.000000 UTC,210548
2016-10-10 00:00:00.000000 UTC,222996
2016-10-11 00:00:00.000000 UTC,263565
2016-10-12 00:00:00.000000 UTC,233440
2016-10-13 00:00:00.000000 UTC,229703
2016-10-14 00:00:00.000000 UTC,239724
2016-10-15 00:00:00.000000 UTC,210448
2016-10-16 00:00:00.000000 UTC,197876
2016-10-17 00:00:00.000000 UTC,237232
2016-10-18 00:00:00.000000 UTC,251521
2016-10-19 00:00:00.000000 UTC,199083
2016-10-20 00:00:00.000000 UTC,270380
2016-10-21 00:00:00.000000 UTC,265355
2016-10-22 00:00:00.000000 UTC,216708
2016-10-23 00:00:00.000000 UTC,191578
2016-10-24 00:00:00.000000 UTC,226980
2016-10-25 00:00:00.000000 UTC,237030
2016-10-26 00:00:00.000000 UTC,223316
2016-10-27 00:00:00.000000 UTC,326388
2016-10-28 00:00:00.000000 UTC,250876
2016-10-29 00:00:00.000000 UTC,229689
2016-10-30 00:00:00.000000 UTC,207982
2016-10-31 00:00:00.000000 UTC,241778
2016-11-01 00:00:00.000000 UTC,246650
2016-11-02 00:00:00.000000 UTC,268418
2016-11-03 00:00:00.000000 UTC,271998
2016-11-04 00:00:00.000000 UTC,248043
2016-11-05 00:00:00.000000 UTC,238215
2016-11-06 00:00:00.000000 UTC,225786
2016-11-07 00:00:00.000000 UTC,274281
2016-11-08 00:00:00.000000 UTC,296060
2016-11-09 00:00:00.000000 UTC,270095
2016-11-10 00:00:00.000000 UTC,271374
2016-11-11 00:00:00.000000 UTC,254619
2016-11-12 00:00:00.000000 UTC,228886
2016-11-13 00:00:00.000000 UTC,219657
2016-11-14 00:00:00.000000 UTC,270506
2016-11-15 00:00:00.000000 UTC,280352
2016-11-16 00:00:00.000000 UTC,289789
2016-11-17 00:00:00.000000 UTC,277460
2016-11-18 00:00:00.000000 UTC,275925
2016-11-19 00:00:00.000000 UTC,249760
2016-11-20 00:00:00.000000 UTC,243591
2016-11-21 00:00:00.000000 UTC,285793
2016-11-22 00:00:00.000000 UTC,285635
2016-11-23 00:00:00.000000 UTC,276924
2016-11-24 00:00:00.000000 UTC,328538
2016-11-25 00:00:00.000000 UTC,315387
2016-11-26 00:00:00.000000 UTC,277608
2016-11-27 00:00:00.000000 UTC,237389
2016-11-28 00:00:00.000000 UTC,298530
2016-11-29 00:00:00.000000 UTC,289650
2016-11-30 00:00:00.000000 UTC,292654
2016-12-01 00:00:00.000000 UTC,239682
2016-12-02 00:00:00.000000 UTC,315478
2016-12-03 00:00:00.000000 UTC,287988
2016-12-04 00:00:00.000000 UTC,245650
2016-12-05 00:00:00.000000 UTC,278001
2016-12-06 00:00:00.000000 UTC,319762
2016-12-07 00:00:00.000000 UTC,310754
2016-12-08 00:00:00.000000 UTC,282711
2016-12-09 00:00:00.000000 UTC,268815
2016-12-10 00:00:00.000000 UTC,250241
2016-12-11 00:00:00.000000 UTC,229933
2016-12-12 00:00:00.000000 UTC,268662
2016-12-13 00:00:00.000000 UTC,291757
2016-12-14 00:00:00.000000 UTC,286328
2016-12-15 00:00:00.000000 UTC,282685
2016-12-16 00:00:00.000000 UTC,279361
2016-12-17 00:00:00.000000 UTC,238130
2016-12-18 00:00:00.000000 UTC,235789
2016-12-19 00:00:00.000000 UTC,282129
2016-12-20 00:00:00.000000 UTC,296473
2016-12-21 00:00:00.000000 UTC,325677
2016-12-22 00:00:00.000000 UTC,314644
2016-12-23 00:00:00.000000 UTC,304997
2016-12-24 00:00:00.000000 UTC,240820
2016-12-25 00:00:00.000000 UTC,197364
2016-12-26 00:00:00.000000 UTC,244914
2016-12-27 00:00:00.000000 UTC,296546
2016-12-28 00:00:00.000000 UTC,305394
2016-12-29 00:00:00.000000 UTC,304605
2016-12-30 00:00:00.000000 UTC,286818
2016-12-31 00:00:00.000000 UTC,250273
2017-01-01 00:00:00.000000 UTC,180502
2017-01-02 00:00:00.000000 UTC,290951
2017-01-03 00:00:00.000000 UTC,301664
2017-01-04 00:00:00.000000 UTC,328642
2017-01-05 00:00:00.000000 UTC,288501
2017-01-06 00:00:00.000000 UTC,346405
2017-01-07 00:00:00.000000 UTC,282060
2017-01-08 00:00:00.000000 UTC,260101
2017-01-09 00:00:00.000000 UTC,269947
2017-01-10 00:00:00.000000 UTC,323888
2017-01-11 00:00:00.000000 UTC,303058
2017-01-12 00:00:00.000000 UTC,295125
2017-01-13 00:00:00.000000 UTC,272747
2017-01-14 00:00:00.000000 UTC,242269
2017-01-15 00:00:00.000000 UTC,235999
2017-01-16 00:00:00.000000 UTC,267640
2017-01-17 00:00:00.000000 UTC,292697
2017-01-18 00:00:00.000000 UTC,297100
2017-01-19 00:00:00.000000 UTC,300605
2017-01-20 00:00:00.000000 UTC,298377
2017-01-21 00:00:00.000000 UTC,263562
2017-01-22 00:00:00.000000 UTC,236886
2017-01-23 00:00:00.000000 UTC,235530
2017-01-24 00:00:00.000000 UTC,278177
2017-01-25 00:00:00.000000 UTC,304727
2017-01-26 00:00:00.000000 UTC,313755
2017-01-27 00:00:00.000000 UTC,263332
2017-01-28 00:00:00.000000 UTC,246395
2017-01-29 00:00:00.000000 UTC,241627
2017-01-30 00:00:00.000000 UTC,247408
2017-01-31 00:00:00.000000 UTC,307683
2017-02-01 00:00:00.000000 UTC,350560
2017-02-02 00:00:00.000000 UTC,259559
2017-02-03 00:00:00.000000 UTC,323563
2017-02-04 00:00:00.000000 UTC,284778
2017-02-05 00:00:00.000000 UTC,292101
2017-02-06 00:00:00.000000 UTC,230027
2017-02-07 00:00:00.000000 UTC,325268
2017-02-08 00:00:00.000000 UTC,308316
2017-02-09 00:00:00.000000 UTC,346544
2017-02-10 00:00:00.000000 UTC,301789
2017-02-11 00:00:00.000000 UTC,262686
2017-02-12 00:00:00.000000 UTC,237744
2017-02-13 00:00:00.000000 UTC,288290
2017-02-14 00:00:00.000000 UTC,315084
2017-02-15 00:00:00.000000 UTC,294786
2017-02-16 00:00:00.000000 UTC,283203
2017-02-17 00:00:00.000000 UTC,319767
2017-02-18 00:00:00.000000 UTC,286143
2017-02-19 00:00:00.000000 UTC,251721
2017-02-20 00:00:00.000000 UTC,282728
2017-02-21 00:00:00.000000 UTC,279090
2017-02-22 00:00:00.000000 UTC,282194
2017-02-23 00:00:00.000000 UTC,325913
2017-02-24 00:00:00.000000 UTC,343805
2017-02-25 00:00:00.000000 UTC,326521
2017-02-26 00:00:00.000000 UTC,265203
2017-02-27 00:00:00.000000 UTC,284555
2017-02-28 00:00:00.000000 UTC,325414
2017-03-01 00:00:00.000000 UTC,315883
2017-03-02 00:00:00.000000 UTC,329428
2017-03-03 00:00:00.000000 UTC,337310
2017-03-04 00:00:00.000000 UTC,265780
2017-03-05 00:00:00.000000 UTC,280739
2017-03-06 00:00:00.000000 UTC,287731
2017-03-07 00:00:00.000000 UTC,327902
2017-03-08 00:00:00.000000 UTC,297108
2017-03-09 00:00:00.000000 UTC,303632
2017-03-10 00:00:00.000000 UTC,308482
2017-03-11 00:00:00.000000 UTC,280681
2017-03-12 00:00:00.000000 UTC,221110
2017-03-13 00:00:00.000000 UTC,273079
2017-03-14 00:00:00.000000 UTC,310395
2017-03-15 00:00:00.000000 UTC,292434
2017-03-16 00:00:00.000000 UTC,327034
2017-03-17 00:00:00.000000 UTC,292196
2017-03-18 00:00:00.000000 UTC,263530
2017-03-19 00:00:00.000000 UTC,269336
2017-03-20 00:00:00.000000 UTC,277033
2017-03-21 00:00:00.000000 UTC,288055
2017-03-22 00:00:00.000000 UTC,316593
2017-03-23 00:00:00.000000 UTC,287871
2017-03-24 00:00:00.000000 UTC,289521
2017-03-25 00:00:00.000000 UTC,242975
2017-03-26 00:00:00.000000 UTC,221915
2017-03-27 00:00:00.000000 UTC,232291
2017-03-28 00:00:00.000000 UTC,294001
2017-03-29 00:00:00.000000 UTC,283931
2017-03-30 00:00:00.000000 UTC,288788
2017-03-31 00:00:00.000000 UTC,259403
2017-04-01 00:00:00.000000 UTC,255871
2017-04-02 00:00:00.000000 UTC,244203
2017-04-03 00:00:00.000000 UTC,288141
2017-04-04 00:00:00.000000 UTC,256015
2017-04-05 00:00:00.000000 UTC,316555
2017-04-06 00:00:00.000000 UTC,290465
2017-04-07 00:00:00.000000 UTC,295463
2017-04-08 00:00:00.000000 UTC,226959
2017-04-09 00:00:00.000000 UTC,238286
2017-04-10 00:00:00.000000 UTC,273384
2017-04-11 00:00:00.000000 UTC,307893
2017-04-12 00:00:00.000000 UTC,278093
2017-04-13 00:00:00.000000 UTC,228679
2017-04-14 00:00:00.000000 UTC,290208
2017-04-15 00:00:00.000000 UTC,270705
2017-04-16 00:00:00.000000 UTC,211829
2017-04-17 00:00:00.000000 UTC,245184
2017-04-18 00:00:00.000000 UTC,303091
2017-04-19 00:00:00.000000 UTC,310104
2017-04-20 00:00:00.000000 UTC,267915
2017-04-21 00:00:00.000000 UTC,330354
2017-04-22 00:00:00.000000 UTC,268712
2017-04-23 00:00:00.000000 UTC,245039
2017-04-24 00:00:00.000000 UTC,222671
2017-04-25 00:00:00.000000 UTC,325387
2017-04-26 00:00:00.000000 UTC,334471
2017-04-27 00:00:00.000000 UTC,297884
2017-04-28 00:00:00.000000 UTC,305271
2017-04-29 00:00:00.000000 UTC,341319
2017-04-30 00:00:00.000000 UTC,281489
2017-05-01 00:00:00.000000 UTC,294786
2017-05-02 00:00:00.000000 UTC,333161
2017-05-03 00:00:00.000000 UTC,295149
2017-05-04 00:00:00.000000 UTC,354737
2017-05-05 00:00:00.000000 UTC,267193
2017-05-06 00:00:00.000000 UTC,363022
2017-05-07 00:00:00.000000 UTC,316011
2017-05-08 00:00:00.000000 UTC,365096
2017-05-09 00:00:00.000000 UTC,332879
2017-05-10 00:00:00.000000 UTC,311391
2017-05-11 00:00:00.000000 UTC,294743
2017-05-12 00:00:00.000000 UTC,317698
2017-05-13 00:00:00.000000 UTC,329266
2017-05-14 00:00:00.000000 UTC,369098
2017-05-15 00:00:00.000000 UTC,329229
2017-05-16 00:00:00.000000 UTC,233977
2017-05-17 00:00:00.000000 UTC,317527
2017-05-18 00:00:00.000000 UTC,288904
2017-05-19 00:00:00.000000 UTC,319502
2017-05-20 00:00:00.000000 UTC,352805
2017-05-21 00:00:00.000000 UTC,326057
2017-05-22 00:00:00.000000 UTC,327868
2017-05-23 00:00:00.000000 UTC,367710
2017-05-24 00:00:00.000000 UTC,338642
2017-05-25 00:00:00.000000 UTC,350114
2017-05-26 00:00:00.000000 UTC,333340
2017-05-27 00:00:00.000000 UTC,331914
2017-05-28 00:00:00.000000 UTC,308143
2017-05-29 00:00:00.000000 UTC,321638
2017-05-30 00:00:00.000000 UTC,347961
2017-05-31 00:00:00.000000 UTC,321634
2017-06-01 00:00:00.000000 UTC,319709
2017-06-02 00:00:00.000000 UTC,271539
2017-06-03 00:00:00.000000 UTC,305320
2017-06-04 00:00:00.000000 UTC,266044
2017-06-05 00:00:00.000000 UTC,289930
2017-06-06 00:00:00.000000 UTC,297416
2017-06-07 00:00:00.000000 UTC,339720
2017-06-08 00:00:00.000000 UTC,307377
2017-06-09 00:00:00.000000 UTC,282184
2017-06-10 00:00:00.000000 UTC,254993
2017-06-11 00:00:00.000000 UTC,222892
2017-06-12 00:00:00.000000 UTC,269098
2017-06-13 00:00:00.000000 UTC,291776
2017-06-14 00:00:00.000000 UTC,287644
2017-06-15 00:00:00.000000 UTC,293141
2017-06-16 00:00:00.000000 UTC,269937
2017-06-17 00:00:00.000000 UTC,236554
2017-06-18 00:00:00.000000 UTC,209359
2017-06-19 00:00:00.000000 UTC,269774
2017-06-20 00:00:00.000000 UTC,269438
2017-06-21 00:00:00.000000 UTC,280203
2017-06-22 00:00:00.000000 UTC,269685
2017-06-23 00:00:00.000000 UTC,259938
2017-06-24 00:00:00.000000 UTC,227127
2017-06-25 00:00:00.000000 UTC,180719
2017-06-26 00:00:00.000000 UTC,261906
2017-06-27 00:00:00.000000 UTC,259737
2017-06-28 00:00:00.000000 UTC,279811
2017-06-29 00:00:00.000000 UTC,231054
2017-06-30 00:00:00.000000 UTC,267360
2017-07-01 00:00:00.000000 UTC,221856
2017-07-02 00:00:00.000000 UTC,196539
2017-07-03 00:00:00.000000 UTC,253244
2017-07-04 00:00:00.000000 UTC,255483
2017-07-05 00:00:00.000000 UTC,237008
2017-07-06 00:00:00.000000 UTC,225106
2017-07-07 00:00:00.000000 UTC,243614
2017-07-08 00:00:00.000000 UTC,220835
2017-07-09 00:00:00.000000 UTC,188124
2017-07-10 00:00:00.000000 UTC,251722
2017-07-11 00:00:00.000000 UTC,265759
2017-07-12 00:00:00.000000 UTC,257138
2017-07-13 00:00:00.000000 UTC,245895
2017-07-14 00:00:00.000000 UTC,227903
2017-07-15 00:00:00.000000 UTC,221851
2017-07-16 00:00:00.000000 UTC,203165
2017-07-17 00:00:00.000000 UTC,230315
2017-07-18 00:00:00.000000 UTC,260575
2017-07-19 00:00:00.000000 UTC,253768
2017-07-20 00:00:00.000000 UTC,230199
2017-07-21 00:00:00.000000 UTC,268443
2017-07-22 00:00:00.000000 UTC,223358
2017-07-23 00:00:00.000000 UTC,181031
2017-07-24 00:00:00.000000 UTC,240072
2017-07-25 00:00:00.000000 UTC,244036
2017-07-26 00:00:00.000000 UTC,237853
2017-07-27 00:00:00.000000 UTC,225369
2017-07-28 00:00:00.000000 UTC,247207
2017-07-29 00:00:00.000000 UTC,211134
2017-07-30 00:00:00.000000 UTC,184145
2017-07-31 00:00:00.000000 UTC,231012
2017-08-01 00:00:00.000000 UTC,131875
2017-08-02 00:00:00.000000 UTC,209321
2017-08-03 00:00:00.000000 UTC,213017
2017-08-04 00:00:00.000000 UTC,235792
2017-08-05 00:00:00.000000 UTC,239771
2017-08-06 00:00:00.000000 UTC,199627
2017-08-07 00:00:00.000000 UTC,249002
2017-08-08 00:00:00.000000 UTC,275574
2017-08-09 00:00:00.000000 UTC,260955
2017-08-10 00:00:00.000000 UTC,257965
2017-08-11 00:00:00.000000 UTC,284001
2017-08-12 00:00:00.000000 UTC,260521
2017-08-13 00:00:00.000000 UTC,263310
2017-08-14 00:00:00.000000 UTC,255362
2017-08-15 00:00:00.000000 UTC,311002
2017-08-16 00:00:00.000000 UTC,274866
2017-08-17 00:00:00.000000 UTC,347319
2017-08-18 00:00:00.000000 UTC,312250
2017-08-19 00:00:00.000000 UTC,266832
2017-08-20 00:00:00.000000 UTC,210852
2017-08-21 00:00:00.000000 UTC,236772
2017-08-22 00:00:00.000000 UTC,196283
2017-08-23 00:00:00.000000 UTC,315734
2017-08-24 00:00:00.000000 UTC,203805
2017-08-25 00:00:00.000000 UTC,208169
2017-08-26 00:00:00.000000 UTC,226485
2017-08-27 00:00:00.000000 UTC,261891
2017-08-28 00:00:00.000000 UTC,223771
2017-08-29 00:00:00.000000 UTC,281116
2017-08-30 00:00:00.000000 UTC,271466
2017-08-31 00:00:00.000000 UTC,280724
2017-09-01 00:00:00.000000 UTC,283670
2017-09-02 00:00:00.000000 UTC,236811
2017-09-03 00:00:00.000000 UTC,195289
2017-09-04 00:00:00.000000 UTC,269280
2017-09-05 00:00:00.000000 UTC,277948
2017-09-06 00:00:00.000000 UTC,276225
2017-09-07 00:00:00.000000 UTC,256374
2017-09-08 00:00:00.000000 UTC,279488
2017-09-09 00:00:00.000000 UTC,217890
2017-09-10 00:00:00.000000 UTC,193240
2017-09-11 00:00:00.000000 UTC,253492
2017-09-12 00:00:00.000000 UTC,256230
2017-09-13 00:00:00.000000 UTC,263320
2017-09-14 00:00:00.000000 UTC,268068
2017-09-15 00:00:00.000000 UTC,292079
2017-09-16 00:00:00.000000 UTC,228257
2017-09-17 00:00:00.000000 UTC,197683
2017-09-18 00:00:00.000000 UTC,218204
2017-09-19 00:00:00.000000 UTC,282917
2017-09-20 00:00:00.000000 UTC,235723
2017-09-21 00:00:00.000000 UTC,255257
2017-09-22 00:00:00.000000 UTC,227615
2017-09-23 00:00:00.000000 UTC,203861
2017-09-24 00:00:00.000000 UTC,185277
2017-09-25 00:00:00.000000 UTC,226603
2017-09-26 00:00:00.000000 UTC,263648
2017-09-27 00:00:00.000000 UTC,257961
2017-09-28 00:00:00.000000 UTC,275976
2017-09-29 00:00:00.000000 UTC,254438
2017-09-30 00:00:00.000000 UTC,212678
2017-10-01 00:00:00.000000 UTC,203653
2017-10-02 00:00:00.000000 UTC,295002
2017-10-03 00:00:00.000000 UTC,282132
2017-10-04 00:00:00.000000 UTC,232826
2017-10-05 00:00:00.000000 UTC,273243
2017-10-06 00:00:00.000000 UTC,283699
2017-10-07 00:00:00.000000 UTC,231226
2017-10-08 00:00:00.000000 UTC,238385
2017-10-09 00:00:00.000000 UTC,296946
2017-10-10 00:00:00.000000 UTC,303101
2017-10-11 00:00:00.000000 UTC,292459
2017-10-12 00:00:00.000000 UTC,293164
2017-10-13 00:00:00.000000 UTC,309819
2017-10-14 00:00:00.000000 UTC,293140
2017-10-15 00:00:00.000000 UTC,283473
2017-10-16 00:00:00.000000 UTC,314725
2017-10-17 00:00:00.000000 UTC,334438
2017-10-18 00:00:00.000000 UTC,329579
2017-10-19 00:00:00.000000 UTC,356985
2017-10-20 00:00:00.000000 UTC,312409
2017-10-21 00:00:00.000000 UTC,312257
2017-10-22 00:00:00.000000 UTC,289131
2017-10-23 00:00:00.000000 UTC,316096
2017-10-24 00:00:00.000000 UTC,347220
2017-10-25 00:00:00.000000 UTC,315415
2017-10-26 00:00:00.000000 UTC,265827
2017-10-27 00:00:00.000000 UTC,246692
2017-10-28 00:00:00.000000 UTC,207066
2017-10-29 00:00:00.000000 UTC,334025
2017-10-30 00:00:00.000000 UTC,316077
2017-10-31 00:00:00.000000 UTC,277535
2017-11-01 00:00:00.000000 UTC,351529
2017-11-02 00:00:00.000000 UTC,341474
2017-11-03 00:00:00.000000 UTC,277598
2017-11-04 00:00:00.000000 UTC,294121
2017-11-05 00:00:00.000000 UTC,251728
2017-11-06 00:00:00.000000 UTC,271029
2017-11-07 00:00:00.000000 UTC,335636
2017-11-08 00:00:00.000000 UTC,301346
2017-11-09 00:00:00.000000 UTC,341281
2017-11-10 00:00:00.000000 UTC,271745
2017-11-11 00:00:00.000000 UTC,194634
2017-11-12 00:00:00.000000 UTC,185966
2017-11-13 00:00:00.000000 UTC,309299
2017-11-14 00:00:00.000000 UTC,271995
2017-11-15 00:00:00.000000 UTC,321788
2017-11-16 00:00:00.000000 UTC,310396
2017-11-17 00:00:00.000000 UTC,306617
2017-11-18 00:00:00.000000 UTC,270874
2017-11-19 00:00:00.000000 UTC,264855
2017-11-20 00:00:00.000000 UTC,336204
2017-11-21 00:00:00.000000 UTC,371091
2017-11-22 00:00:00.000000 UTC,312033
2017-11-23 00:00:00.000000 UTC,352207
2017-11-24 00:00:00.000000 UTC,305735
2017-11-25 00:00:00.000000 UTC,336689
2017-11-26 00:00:00.000000 UTC,329677
2017-11-27 00:00:00.000000 UTC,379256
2017-11-28 00:00:00.000000 UTC,365977
2017-11-29 00:00:00.000000 UTC,398090
2017-11-30 00:00:00.000000 UTC,384386
2017-12-01 00:00:00.000000 UTC,412908
2017-12-02 00:00:00.000000 UTC,326354
2017-12-03 00:00:00.000000 UTC,353044
2017-12-04 00:00:00.000000 UTC,400686
2017-12-05 00:00:00.000000 UTC,405709
2017-12-06 00:00:00.000000 UTC,443587
2017-12-07 00:00:00.000000 UTC,374917
2017-12-08 00:00:00.000000 UTC,385092
2017-12-09 00:00:00.000000 UTC,403399
2017-12-10 00:00:00.000000 UTC,341420
2017-12-11 00:00:00.000000 UTC,368598
2017-12-12 00:00:00.000000 UTC,372977
2017-12-13 00:00:00.000000 UTC,424579
2017-12-14 00:00:00.000000 UTC,490644
2017-12-15 00:00:00.000000 UTC,405676
2017-12-16 00:00:00.000000 UTC,364222
2017-12-17 00:00:00.000000 UTC,391910
2017-12-18 00:00:00.000000 UTC,394239
2017-12-19 00:00:00.000000 UTC,378622
2017-12-20 00:00:00.000000 UTC,370277
2017-12-21 00:00:00.000000 UTC,335482
2017-12-22 00:00:00.000000 UTC,380648
2017-12-23 00:00:00.000000 UTC,308211
2017-12-24 00:00:00.000000 UTC,279523
2017-12-25 00:00:00.000000 UTC,228926
2017-12-26 00:00:00.000000 UTC,247440
2017-12-27 00:00:00.000000 UTC,307642
2017-12-28 00:00:00.000000 UTC,305053
2017-12-29 00:00:00.000000 UTC,353824
2017-12-30 00:00:00.000000 UTC,344407
2017-12-31 00:00:00.000000 UTC,290422
2018-01-01 00:00:00.000000 UTC,241757
2018-01-02 00:00:00.000000 UTC,340980
2018-01-03 00:00:00.000000 UTC,395963
2018-01-04 00:00:00.000000 UTC,425008
2018-01-05 00:00:00.000000 UTC,342707
2018-01-06 00:00:00.000000 UTC,358847
2018-01-07 00:00:00.000000 UTC,368187
2018-01-08 00:00:00.000000 UTC,345672
2018-01-09 00:00:00.000000 UTC,360265
2018-01-10 00:00:00.000000 UTC,347393
2018-01-11 00:00:00.000000 UTC,337959
2018-01-12 00:00:00.000000 UTC,300091
2018-01-13 00:00:00.000000 UTC,265735
2018-01-14 00:00:00.000000 UTC,235045
2018-01-15 00:00:00.000000 UTC,273623
2018-01-16 00:00:00.000000 UTC,303725
2018-01-17 00:00:00.000000 UTC,315771
2018-01-18 00:00:00.000000 UTC,309495
2018-01-19 00:00:00.000000 UTC,243619
2018-01-20 00:00:00.000000 UTC,240611
2018-01-21 00:00:00.000000 UTC,215622
2018-01-22 00:00:00.000000 UTC,245562
2018-01-23 00:00:00.000000 UTC,271936
2018-01-24 00:00:00.000000 UTC,250423
2018-01-25 00:00:00.000000 UTC,236580
2018-01-26 00:00:00.000000 UTC,220459
2018-01-27 00:00:00.000000 UTC,193578
2018-01-28 00:00:00.000000 UTC,213446
2018-01-29 00:00:00.000000 UTC,232176
2018-01-30 00:00:00.000000 UTC,236609
2018-01-31 00:00:00.000000 UTC,204276
2018-02-01 00:00:00.000000 UTC,257664
2018-02-02 00:00:00.000000 UTC,235918
2018-02-03 00:00:00.000000 UTC,194891
2018-02-04 00:00:00.000000 UTC,173687
2018-02-05 00:00:00.000000 UTC,216363
2018-02-06 00:00:00.000000 UTC,244120
2018-02-07 00:00:00.000000 UTC,213719
2018-02-08 00:00:00.000000 UTC,173289
2018-02-09 00:00:00.000000 UTC,177860
2018-02-10 00:00:00.000000 UTC,181783
2018-02-11 00:00:00.000000 UTC,147208
2018-02-12 00:00:00.000000 UTC,186918
2018-02-13 00:00:00.000000 UTC,182984
2018-02-14 00:00:00.000000 UTC,196417
2018-02-15 00:00:00.000000 UTC,198183
2018-02-16 00:00:00.000000 UTC,187738
2018-02-17 00:00:00.000000 UTC,173789
2018-02-18 00:00:00.000000 UTC,159495
2018-02-19 00:00:00.000000 UTC,187367
2018-02-20 00:00:00.000000 UTC,198455
2018-02-21 00:00:00.000000 UTC,205201
2018-02-22 00:00:00.000000 UTC,183235
2018-02-23 00:00:00.000000 UTC,185193
2018-02-24 00:00:00.000000 UTC,154534
2018-02-25 00:00:00.000000 UTC,144869
2018-02-26 00:00:00.000000 UTC,186474
2018-02-27 00:00:00.000000 UTC,219624
2018-02-28 00:00:00.000000 UTC,189223
2018-03-01 00:00:00.000000 UTC,233744
2018-03-02 00:00:00.000000 UTC,195073
2018-03-03 00:00:00.000000 UTC,177024
2018-03-04 00:00:00.000000 UTC,160231
2018-03-05 00:00:00.000000 UTC,201438
2018-03-06 00:00:00.000000 UTC,206016
2018-03-07 00:00:00.000000 UTC,213978
2018-03-08 00:00:00.000000 UTC,196422
2018-03-09 00:00:00.000000 UTC,198180
2018-03-10 00:00:00.000000 UTC,156228
2018-03-11 00:00:00.000000 UTC,150884
2018-03-12 00:00:00.000000 UTC,188394
2018-03-13 00:00:00.000000 UTC,196140
2018-03-14 00:00:00.000000 UTC,191042
2018-03-15 00:00:00.000000 UTC,206186
2018-03-16 00:00:00.000000 UTC,186979
2018-03-17 00:00:00.000000 UTC,154496
2018-03-18 00:00:00.000000 UTC,164401
2018-03-19 00:00:00.000000 UTC,191528
2018-03-20 00:00:00.000000 UTC,195168
2018-03-21 00:00:00.000000 UTC,194846
2018-03-22 00:00:00.000000 UTC,185187
2018-03-23 00:00:00.000000 UTC,179818
2018-03-24 00:00:00.000000 UTC,157087
2018-03-25 00:00:00.000000 UTC,135274
2018-03-26 00:00:00.000000 UTC,187850
2018-03-27 00:00:00.000000 UTC,187065
2018-03-28 00:00:00.000000 UTC,177521
2018-03-29 00:00:00.000000 UTC,192411
2018-03-30 00:00:00.000000 UTC,185940
2018-03-31 00:00:00.000000 UTC,148617
2018-04-01 00:00:00.000000 UTC,135129
2018-04-02 00:00:00.000000 UTC,168178
2018-04-03 00:00:00.000000 UTC,198919
2018-04-04 00:00:00.000000 UTC,185710
2018-04-05 00:00:00.000000 UTC,181832
2018-04-06 00:00:00.000000 UTC,172889
2018-04-07 00:00:00.000000 UTC,154639
2018-04-08 00:00:00.000000 UTC,138535
2018-04-09 00:00:00.000000 UTC,176563
2018-04-10 00:00:00.000000 UTC,186415
2018-04-11 00:00:00.000000 UTC,183248
2018-04-12 00:00:00.000000 UTC,210879
2018-04-13 00:00:00.000000 UTC,217282
2018-04-14 00:00:00.000000 UTC,161843
2018-04-15 00:00:00.000000 UTC,174031
2018-04-16 00:00:00.000000 UTC,196106
2018-04-17 00:00:00.000000 UTC,201820
2018-04-18 00:00:00.000000 UTC,200740
2018-04-19 00:00:00.000000 UTC,213523
2018-04-20 00:00:00.000000 UTC,207777
2018-04-21 00:00:00.000000 UTC,193975
2018-04-22 00:00:00.000000 UTC,171870
2018-04-23 00:00:00.000000 UTC,226353
2018-04-24 00:00:00.000000 UTC,254493
2018-04-25 00:00:00.000000 UTC,213155
2018-04-26 00:00:00.000000 UTC,216732
2018-04-27 00:00:00.000000 UTC,211119
2018-04-28 00:00:00.000000 UTC,203681
2018-04-29 00:00:00.000000 UTC,180798
2018-04-30 00:00:00.000000 UTC,215107
2018-05-01 00:00:00.000000 UTC,199959
2018-05-02 00:00:00.000000 UTC,212296
2018-05-03 00:00:00.000000 UTC,228521
2018-05-04 00:00:00.000000 UTC,219069
2018-05-05 00:00:00.000000 UTC,202703
2018-05-06 00:00:00.000000 UTC,171761
2018-05-07 00:00:00.000000 UTC,205063
2018-05-08 00:00:00.000000 UTC,217810
2018-05-09 00:00:00.000000 UTC,206579
2018-05-10 00:00:00.000000 UTC,208961
2018-05-11 00:00:00.000000 UTC,213624
2018-05-12 00:00:00.000000 UTC,182054
2018-05-13 00:00:00.000000 UTC,158794
2018-05-14 00:00:00.000000 UTC,209697
2018-05-15 00:00:00.000000 UTC,214779
2018-05-16 00:00:00.000000 UTC,208463
2018-05-17 00:00:00.000000 UTC,192683
2018-05-18 00:00:00.000000 UTC,211496
2018-05-19 00:00:00.000000 UTC,173274
2018-05-20 00:00:00.000000 UTC,158663
2018-05-21 00:00:00.000000 UTC,202647
2018-05-22 00:00:00.000000 UTC,203337
2018-05-23 00:00:00.000000 UTC,223196
2018-05-24 00:00:00.000000 UTC,206825
2018-05-25 00:00:00.000000 UTC,196181
2018-05-26 00:00:00.000000 UTC,158783
2018-05-27 00:00:00.000000 UTC,144304
2018-05-28 00:00:00.000000 UTC,189063
2018-05-29 00:00:00.000000 UTC,204769
2018-05-30 00:00:00.000000 UTC,204077
2018-05-31 00:00:00.000000 UTC,209526
2018-06-01 00:00:00.000000 UTC,205481
2018-06-02 00:00:00.000000 UTC,174497
2018-06-03 00:00:00.000000 UTC,163443
2018-06-04 00:00:00.000000 UTC,209916
2018-06-05 00:00:00.000000 UTC,212901
2018-06-06 00:00:00.000000 UTC,206417
2018-06-07 00:00:00.000000 UTC,207627
2018-06-08 00:00:00.000000 UTC,200379
2018-06-09 00:00:00.000000 UTC,171306
2018-06-10 00:00:00.000000 UTC,179809
2018-06-11 00:00:00.000000 UTC,213196
2018-06-12 00:00:00.000000 UTC,214595
2018-06-13 00:00:00.000000 UTC,211829
2018-06-14 00:00:00.000000 UTC,210029
2018-06-15 00:00:00.000000 UTC,205861
2018-06-16 00:00:00.000000 UTC,159090
2018-06-17 00:00:00.000000 UTC,144908
2018-06-18 00:00:00.000000 UTC,196305
2018-06-19 00:00:00.000000 UTC,191805
2018-06-20 00:00:00.000000 UTC,198889
2018-06-21 00:00:00.000000 UTC,198113
2018-06-22 00:00:00.000000 UTC,204144
2018-06-23 00:00:00.000000 UTC,163295
2018-06-24 00:00:00.000000 UTC,158022
2018-06-25 00:00:00.000000 UTC,200173
2018-06-26 00:00:00.000000 UTC,195404
2018-06-27 00:00:00.000000 UTC,188510
2018-06-28 00:00:00.000000 UTC,187624
2018-06-29 00:00:00.000000 UTC,197881
2018-06-30 00:00:00.000000 UTC,181065
2018-07-01 00:00:00.000000 UTC,156247
2018-07-02 00:00:00.000000 UTC,199294
2018-07-03 00:00:00.000000 UTC,216747
2018-07-04 00:00:00.000000 UTC,206788
2018-07-05 00:00:00.000000 UTC,199600
2018-07-06 00:00:00.000000 UTC,200993
2018-07-07 00:00:00.000000 UTC,170160
2018-07-08 00:00:00.000000 UTC,155685
2018-07-09 00:00:00.000000 UTC,206546
2018-07-10 00:00:00.000000 UTC,216063
2018-07-11 00:00:00.000000 UTC,202603
2018-07-12 00:00:00.000000 UTC,203535
2018-07-13 00:00:00.000000 UTC,207904
2018-07-14 00:00:00.000000 UTC,176475
2018-07-15 00:00:00.000000 UTC,161151
2018-07-16 00:00:00.000000 UTC,207842
2018-07-17 00:00:00.000000 UTC,233966
2018-07-18 00:00:00.000000 UTC,238769
2018-07-19 00:00:00.000000 UTC,225039
2018-07-20 00:00:00.000000 UTC,225529
2018-07-21 00:00:00.000000 UTC,184803
2018-07-22 00:00:00.000000 UTC,167129
2018-07-23 00:00:00.000000 UTC,229480
2018-07-24 00:00:00.000000 UTC,259358
2018-07-25 00:00:00.000000 UTC,250208
2018-07-26 00:00:00.000000 UTC,231679
2018-07-27 00:00:00.000000 UTC,229397
2018-07-28 00:00:00.000000 UTC,188238
2018-07-29 00:00:00.000000 UTC,168407
2018-07-30 00:00:00.000000 UTC,230924
2018-07-31 00:00:00.000000 UTC,242977
2018-08-01 00:00:00.000000 UTC,241044
2018-08-02 00:00:00.000000 UTC,224873
2018-08-03 00:00:00.000000 UTC,229859
2018-08-04 00:00:00.000000 UTC,191657
2018-08-05 00:00:00.000000 UTC,172181
2018-08-06 00:00:00.000000 UTC,218607
2018-08-07 00:00:00.000000 UTC,233045
2018-08-08 00:00:00.000000 UTC,235311
2018-08-09 00:00:00.000000 UTC,222326
2018-08-10 00:00:00.000000 UTC,226148
2018-08-11 00:00:00.000000 UTC,192438
2018-08-12 00:00:00.000000 UTC,165044
2018-08-13 00:00:00.000000 UTC,222229
2018-08-14 00:00:00.000000 UTC,247622
2018-08-15 00:00:00.000000 UTC,246066
2018-08-16 00:00:00.000000 UTC,232335
2018-08-17 00:00:00.000000 UTC,233794
2018-08-18 00:00:00.000000 UTC,190935
2018-08-19 00:00:00.000000 UTC,167400
2018-08-20 00:00:00.000000 UTC,214983
2018-08-21 00:00:00.000000 UTC,217777
2018-08-22 00:00:00.000000 UTC,230333
2018-08-23 00:00:00.000000 UTC,217352
2018-08-24 00:00:00.000000 UTC,219848
2018-08-25 00:00:00.000000 UTC,196420
2018-08-26 00:00:00.000000 UTC,172747
2018-08-27 00:00:00.000000 UTC,223656
2018-08-28 00:00:00.000000 UTC,238039
2018-08-29 00:00:00.000000 UTC,237508
2018-08-30 00:00:00.000000 UTC,231391
2018-08-31 00:00:00.000000 UTC,237076
2018-09-01 00:00:00.000000 UTC,213331
2018-09-02 00:00:00.000000 UTC,187145
2018-09-03 00:00:00.000000 UTC,222897
2018-09-04 00:00:00.000000 UTC,232265
2018-09-05 00:00:00.000000 UTC,246477
2018-09-06 00:00:00.000000 UTC,252261
2018-09-07 00:00:00.000000 UTC,230790
2018-09-08 00:00:00.000000 UTC,204428
2018-09-09 00:00:00.000000 UTC,188912
2018-09-10 00:00:00.000000 UTC,222866
2018-09-11 00:00:00.000000 UTC,237571
2018-09-12 00:00:00.000000 UTC,233275
2018-09-13 00:00:00.000000 UTC,234209
2018-09-14 00:00:00.000000 UTC,223250
2018-09-15 00:00:00.000000 UTC,211071
2018-09-16 00:00:00.000000 UTC,179483
2018-09-17 00:00:00.000000 UTC,240152
2018-09-18 00:00:00.000000 UTC,244259
2018-09-19 00:00:00.000000 UTC,251037
2018-09-20 00:00:00.000000 UTC,253674
2018-09-21 00:00:00.000000 UTC,273051
2018-09-22 00:00:00.000000 UTC,225537
2018-09-23 00:00:00.000000 UTC,200319
2018-09-24 00:00:00.000000 UTC,237670
2018-09-25 00:00:00.000000 UTC,252113
2018-09-26 00:00:00.000000 UTC,243927
2018-09-27 00:00:00.000000 UTC,248686
2018-09-28 00:00:00.000000 UTC,254239
2018-09-29 00:00:00.000000 UTC,218339
2018-09-30 00:00:00.000000 UTC,208210
2018-10-01 00:00:00.000000 UTC,242820
2018-10-02 00:00:00.000000 UTC,244772
2018-10-03 00:00:00.000000 UTC,242303
2018-10-04 00:00:00.000000 UTC,243157
2018-10-05 00:00:00.000000 UTC,244719
2018-10-06 00:00:00.000000 UTC,214843
2018-10-07 00:00:00.000000 UTC,219731
2018-10-08 00:00:00.000000 UTC,248041
2018-10-09 00:00:00.000000 UTC,235862
2018-10-10 00:00:00.000000 UTC,244945
2018-10-11 00:00:00.000000 UTC,262467
2018-10-12 00:00:00.000000 UTC,243174
2018-10-13 00:00:00.000000 UTC,205097
2018-10-14 00:00:00.000000 UTC,191259
2018-10-15 00:00:00.000000 UTC,266945
2018-10-16 00:00:00.000000 UTC,257967
2018-10-17 00:00:00.000000 UTC,260362
2018-10-18 00:00:00.000000 UTC,253450
2018-10-19 00:00:00.000000 UTC,253826
2018-10-20 00:00:00.000000 UTC,227821
2018-10-21 00:00:00.000000 UTC,211505
2018-10-22 00:00:00.000000 UTC,255324
2018-10-23 00:00:00.000000 UTC,253463
2018-10-24 00:00:00.000000 UTC,254091
2018-10-25 00:00:00.000000 UTC,254599
2018-10-26 00:00:00.000000 UTC,253002
2018-10-27 00:00:00.000000 UTC,233749
2018-10-28 00:00:00.000000 UTC,219860
2018-10-29 00:00:00.000000 UTC,269754
2018-10-30 00:00:00.000000 UTC,283327
2018-10-31 00:00:00.000000 UTC,288283
2018-11-01 00:00:00.000000 UTC,281941
2018-11-02 00:00:00.000000 UTC,292704
2018-11-03 00:00:00.000000 UTC,249564
2018-11-04 00:00:00.000000 UTC,226247
2018-11-05 00:00:00.000000 UTC,296283
2018-11-06 00:00:00.000000 UTC,285451
2018-11-07 00:00:00.000000 UTC,293734
2018-11-08 00:00:00.000000 UTC,277597
2018-11-09 00:00:00.000000 UTC,283896
2018-11-10 00:00:00.000000 UTC,252499
2018-11-11 00:00:00.000000 UTC,246991
2018-11-12 00:00:00.000000 UTC,300006
2018-11-13 00:00:00.000000 UTC,279160
2018-11-14 00:00:00.000000 UTC,292755
2018-11-15 00:00:00.000000 UTC,291525
2018-11-16 00:00:00.000000 UTC,283124
2018-11-17 00:00:00.000000 UTC,262649
2018-11-18 00:00:00.000000 UTC,239803
2018-11-19 00:00:00.000000 UTC,267971
2018-11-20 00:00:00.000000 UTC,288450
2018-11-21 00:00:00.000000 UTC,254942
2018-11-22 00:00:00.000000 UTC,266116
2018-11-23 00:00:00.000000 UTC,275261
2018-11-24 00:00:00.000000 UTC,250017
2018-11-25 00:00:00.000000 UTC,239256
2018-11-26 00:00:00.000000 UTC,257062
2018-11-27 00:00:00.000000 UTC,268533
2018-11-28 00:00:00.000000 UTC,254456
2018-11-29 00:00:00.000000 UTC,246226
2018-11-30 00:00:00.000000 UTC,250157
2018-12-01 00:00:00.000000 UTC,241847
2018-12-02 00:00:00.000000 UTC,222673
2018-12-03 00:00:00.000000 UTC,240652
2018-12-04 00:00:00.000000 UTC,270189
2018-12-05 00:00:00.000000 UTC,256501
2018-12-06 00:00:00.000000 UTC,279654
2018-12-07 00:00:00.000000 UTC,253890
2018-12-08 00:00:00.000000 UTC,231104
2018-12-09 00:00:00.000000 UTC,238569
2018-12-10 00:00:00.000000 UTC,258353
2018-12-11 00:00:00.000000 UTC,251487
2018-12-12 00:00:00.000000 UTC,261423
2018-12-13 00:00:00.000000 UTC,268422
2018-12-14 00:00:00.000000 UTC,275801
2018-12-15 00:00:00.000000 UTC,262879
2018-12-16 00:00:00.000000 UTC,226453
2018-12-17 00:00:00.000000 UTC,298823
2018-12-18 00:00:00.000000 UTC,266245
2018-12-19 00:00:00.000000 UTC,302392
2018-12-20 00:00:00.000000 UTC,287273
2018-12-21 00:00:00.000000 UTC,280588
2018-12-22 00:00:00.000000 UTC,251216
2018-12-23 00:00:00.000000 UTC,250739
2018-12-24 00:00:00.000000 UTC,272297
2018-12-25 00:00:00.000000 UTC,265052
2018-12-26 00:00:00.000000 UTC,281305
2018-12-27 00:00:00.000000 UTC,300020
2018-12-28 00:00:00.000000 UTC,308267
2018-12-29 00:00:00.000000 UTC,264980
2018-12-30 00:00:00.000000 UTC,267639
2018-12-31 00:00:00.000000 UTC,259684
2019-01-01 00:00:00.000000 UTC,234725
2019-01-02 00:00:00.000000 UTC,271696
2019-01-03 00:00:00.000000 UTC,291016
2019-01-04 00:00:00.000000 UTC,281772
2019-01-05 00:00:00.000000 UTC,265192
2019-01-06 00:00:00.000000 UTC,258522
2019-01-07 00:00:00.000000 UTC,284782
2019-01-08 00:00:00.000000 UTC,318524
2019-01-09 00:00:00.000000 UTC,319056
2019-01-10 00:00:00.000000 UTC,327338
2019-01-11 00:00:00.000000 UTC,308372
2019-01-12 00:00:00.000000 UTC,281502
2019-01-13 00:00:00.000000 UTC,276997
2019-01-14 00:00:00.000000 UTC,326685
2019-01-15 00:00:00.000000 UTC,302279
2019-01-16 00:00:00.000000 UTC,305702
2019-01-17 00:00:00.000000 UTC,296695
2019-01-18 00:00:00.000000 UTC,305965
2019-01-19 00:00:00.000000 UTC,282188
2019-01-20 00:00:00.000000 UTC,294118
2019-01-21 00:00:00.000000 UTC,315202
2019-01-22 00:00:00.000000 UTC,296040
2019-01-23 00:00:00.000000 UTC,293494
2019-01-24 00:00:00.000000 UTC,308146
2019-01-25 00:00:00.000000 UTC,301085
2019-01-26 00:00:00.000000 UTC,288285
2019-01-27 00:00:00.000000 UTC,276651
2019-01-28 00:00:00.000000 UTC,308062
2019-01-29 00:00:00.000000 UTC,326162
2019-01-30 00:00:00.000000 UTC,321980
2019-01-31 00:00:00.000000 UTC,353945
2019-02-01 00:00:00.000000 UTC,339341
2019-02-02 00:00:00.000000 UTC,322032
2019-02-03 00:00:00.000000 UTC,300171
2019-02-04 00:00:00.000000 UTC,335288
2019-02-05 00:00:00.000000 UTC,354069
2019-02-06 00:00:00.000000 UTC,349596
2019-02-07 00:00:00.000000 UTC,353046
2019-02-08 00:00:00.000000 UTC,335280
2019-02-09 00:00:00.000000 UTC,310892
2019-02-10 00:00:00.000000 UTC,299609
2019-02-11 00:00:00.000000 UTC,315725
2019-02-12 00:00:00.000000 UTC,271573
2019-02-13 00:00:00.000000 UTC,352651
2019-02-14 00:00:00.000000 UTC,354483
2019-02-15 00:00:00.000000 UTC,296729
2019-02-16 00:00:00.000000 UTC,332137
2019-02-17 00:00:00.000000 UTC,327463
2019-02-18 00:00:00.000000 UTC,344274
2019-02-19 00:00:00.000000 UTC,348242
2019-02-20 00:00:00.000000 UTC,314320
2019-02-21 00:00:00.000000 UTC,297595
2019-02-22 00:00:00.000000 UTC,350306
2019-02-23 00:00:00.000000 UTC,328239
2019-02-24 00:00:00.000000 UTC,320446
2019-02-25 00:00:00.000000 UTC,336634
2019-02-26 00:00:00.000000 UTC,366568
2019-02-27 00:00:00.000000 UTC,344560
2019-02-28 00:00:00.000000 UTC,367827
2019-03-01 00:00:00.000000 UTC,354422
2019-03-02 00:00:00.000000 UTC,335864
2019-03-03 00:00:00.000000 UTC,353683
2019-03-04 00:00:00.000000 UTC,304188
2019-03-05 00:00:00.000000 UTC,285716
2019-03-06 00:00:00.000000 UTC,277863
2019-03-07 00:00:00.000000 UTC,282523
2019-03-08 00:00:00.000000 UTC,285264
2019-03-09 00:00:00.000000 UTC,239492
2019-03-10 00:00:00.000000 UTC,212877
2019-03-11 00:00:00.000000 UTC,294741
2019-03-12 00:00:00.000000 UTC,285653
2019-03-13 00:00:00.000000 UTC,285957
2019-03-14 00:00:00.000000 UTC,299929
2019-03-15 00:00:00.000000 UTC,296970
2019-03-16 00:00:00.000000 UTC,262267
2019-03-17 00:00:00.000000 UTC,227290
2019-03-18 00:00:00.000000 UTC,291505
2019-03-19 00:00:00.000000 UTC,304744
2019-03-20 00:00:00.000000 UTC,304960
2019-03-21 00:00:00.000000 UTC,300712
2019-03-22 00:00:00.000000 UTC,298524
2019-03-23 00:00:00.000000 UTC,251573
2019-03-24 00:00:00.000000 UTC,226166
2019-03-25 00:00:00.000000 UTC,322191
2019-03-26 00:00:00.000000 UTC,366415
2019-03-27 00:00:00.000000 UTC,383186
2019-03-28 00:00:00.000000 UTC,393698
2019-03-29 00:00:00.000000 UTC,369817
2019-03-30 00:00:00.000000 UTC,377783
2019-03-31 00:00:00.000000 UTC,381652
2019-04-01 00:00:00.000000 UTC,368904
2019-04-02 00:00:00.000000 UTC,401507
2019-04-03 00:00:00.000000 UTC,360250
2019-04-04 00:00:00.000000 UTC,354660
2019-04-05 00:00:00.000000 UTC,387090
2019-04-06 00:00:00.000000 UTC,359569
2019-04-07 00:00:00.000000 UTC,350631
2019-04-08 00:00:00.000000 UTC,372417
2019-04-09 00:00:00.000000 UTC,346071
2019-04-10 00:00:00.000000 UTC,396501
2019-04-11 00:00:00.000000 UTC,402802
2019-04-12 00:00:00.000000 UTC,376767
2019-04-13 00:00:00.000000 UTC,367076
2019-04-14 00:00:00.000000 UTC,337030
2019-04-15 00:00:00.000000 UTC,381473
2019-04-16 00:00:00.000000 UTC,358517
2019-04-17 00:00:00.000000 UTC,350737
2019-04-18 00:00:00.000000 UTC,382981
2019-04-19 00:00:00.000000 UTC,362128
2019-04-20 00:00:00.000000 UTC,319840
2019-04-21 00:00:00.000000 UTC,390735
2019-04-22 00:00:00.000000 UTC,342014
2019-04-23 00:00:00.000000 UTC,311753
2019-04-24 00:00:00.000000 UTC,404279
2019-04-25 00:00:00.000000 UTC,384089
2019-04-26 00:00:00.000000 UTC,381209
2019-04-27 00:00:00.000000 UTC,359008
2019-04-28 00:00:00.000000 UTC,383291
2019-04-29 00:00:00.000000 UTC,363207
2019-04-30 00:00:00.000000 UTC,346486
2019-05-01 00:00:00.000000 UTC,439549
2019-05-02 00:00:00.000000 UTC,452646
2019-05-03 00:00:00.000000 UTC,383032
2019-05-04 00:00:00.000000 UTC,355910
2019-05-05 00:00:00.000000 UTC,330732
2019-05-06 00:00:00.000000 UTC,378476
2019-05-07 00:00:00.000000 UTC,329943
2019-05-08 00:00:00.000000 UTC,393081
2019-05-09 00:00:00.000000 UTC,361569
2019-05-10 00:00:00.000000 UTC,322963
2019-05-11 00:00:00.000000 UTC,344957
2019-05-12 00:00:00.000000 UTC,338571
2019-05-13 00:00:00.000000 UTC,390428
2019-05-14 00:00:00.000000 UTC,367370
2019-05-15 00:00:00.000000 UTC,368901
2019-05-16 00:00:00.000000 UTC,375062
2019-05-17 00:00:00.000000 UTC,361654
2019-05-18 00:00:00.000000 UTC,359704
2019-05-19 00:00:00.000000 UTC,346859
2019-05-20 00:00:00.000000 UTC,381582
2019-05-21 00:00:00.000000 UTC,380889
2019-05-22 00:00:00.000000 UTC,394887
2019-05-23 00:00:00.000000 UTC,389343
2019-05-24 00:00:00.000000 UTC,373882
2019-05-25 00:00:00.000000 UTC,338398
2019-05-26 00:00:00.000000 UTC,374072
2019-05-27 00:00:00.000000 UTC,399584
2019-05-28 00:00:00.000000 UTC,390427
2019-05-29 00:00:00.000000 UTC,405155
2019-05-30 00:00:00.000000 UTC,376874
2019-05-31 00:00:00.000000 UTC,298997
2019-06-01 00:00:00.000000 UTC,332092
2019-06-02 00:00:00.000000 UTC,301003
2019-06-03 00:00:00.000000 UTC,294009
2019-06-04 00:00:00.000000 UTC,374763
2019-06-05 00:00:00.000000 UTC,372948
2019-06-06 00:00:00.000000 UTC,364526
2019-06-07 00:00:00.000000 UTC,350011
2019-06-08 00:00:00.000000 UTC,294369
2019-06-09 00:00:00.000000 UTC,300917
2019-06-10 00:00:00.000000 UTC,353629
2019-06-11 00:00:00.000000 UTC,340449
2019-06-12 00:00:00.000000 UTC,328464
2019-06-13 00:00:00.000000 UTC,364373
2019-06-14 00:00:00.000000 UTC,364383
2019-06-15 00:00:00.000000 UTC,330954
2019-06-16 00:00:00.000000 UTC,295254
2019-06-17 00:00:00.000000 UTC,321072
2019-06-18 00:00:00.000000 UTC,394843
2019-06-19 00:00:00.000000 UTC,401032
2019-06-20 00:00:00.000000 UTC,330103
2019-06-21 00:00:00.000000 UTC,337741
2019-06-22 00:00:00.000000 UTC,354075
2019-06-23 00:00:00.000000 UTC,380088
2019-06-24 00:00:00.000000 UTC,388342
2019-06-25 00:00:00.000000 UTC,361385
2019-06-26 00:00:00.000000 UTC,399624
2019-06-27 00:00:00.000000 UTC,361050
2019-06-28 00:00:00.000000 UTC,407094
2019-06-29 00:00:00.000000 UTC,356682
2019-06-30 00:00:00.000000 UTC,330731
2019-07-01 00:00:00.000000 UTC,336862
2019-07-02 00:00:00.000000 UTC,373409
2019-07-03 00:00:00.000000 UTC,397554
2019-07-04 00:00:00.000000 UTC,370704
2019-07-05 00:00:00.000000 UTC,378453
2019-07-06 00:00:00.000000 UTC,348674
2019-07-07 00:00:00.000000 UTC,313273
2019-07-08 00:00:00.000000 UTC,378966
2019-07-09 00:00:00.000000 UTC,365588
2019-07-10 00:00:00.000000 UTC,315664
2019-07-11 00:00:00.000000 UTC,325776
2019-07-12 00:00:00.000000 UTC,360899
2019-07-13 00:00:00.000000 UTC,304545
2019-07-14 00:00:00.000000 UTC,303287
2019-07-15 00:00:00.000000 UTC,349111
2019-07-16 00:00:00.000000 UTC,363337
2019-07-17 00:00:00.000000 UTC,324892
2019-07-18 00:00:00.000000 UTC,315745
2019-07-19 00:00:00.000000 UTC,299891
2019-07-20 00:00:00.000000 UTC,323002
2019-07-21 00:00:00.000000 UTC,283934
2019-07-22 00:00:00.000000 UTC,319399
2019-07-23 00:00:00.000000 UTC,320352
2019-07-24 00:00:00.000000 UTC,295589
2019-07-25 00:00:00.000000 UTC,336536
2019-07-26 00:00:00.000000 UTC,319612
2019-07-27 00:00:00.000000 UTC,283892
2019-07-28 00:00:00.000000 UTC,272974
2019-07-29 00:00:00.000000 UTC,333619
2019-07-30 00:00:00.000000 UTC,328375
2019-07-31 00:00:00.000000 UTC,361337
2019-08-01 00:00:00.000000 UTC,335943
2019-08-02 00:00:00.000000 UTC,349556
2019-08-03 00:00:00.000000 UTC,327588
2019-08-04 00:00:00.000000 UTC,298805
2019-08-05 00:00:00.000000 UTC,339136
2019-08-06 00:00:00.000000 UTC,368348
2019-08-07 00:00:00.000000 UTC,370909
2019-08-08 00:00:00.000000 UTC,336181
2019-08-09 00:00:00.000000 UTC,341125
2019-08-10 00:00:00.000000 UTC,304138
2019-08-11 00:00:00.000000 UTC,273280
2019-08-12 00:00:00.000000 UTC,297446
2019-08-13 00:00:00.000000 UTC,370747
2019-08-14 00:00:00.000000 UTC,359997
2019-08-15 00:00:00.000000 UTC,355644
2019-08-16 00:00:00.000000 UTC,323625
2019-08-17 00:00:00.000000 UTC,288256
2019-08-18 00:00:00.000000 UTC,276365
2019-08-19 00:00:00.000000 UTC,330473
2019-08-20 00:00:00.000000 UTC,333304
2019-08-21 00:00:00.000000 UTC,308808
2019-08-22 00:00:00.000000 UTC,322453
2019-08-23 00:00:00.000000 UTC,340220
2019-08-24 00:00:00.000000 UTC,304481
2019-08-25 00:00:00.000000 UTC,288934
2019-08-26 00:00:00.000000 UTC,318219
2019-08-27 00:00:00.000000 UTC,325984
2019-08-28 00:00:00.000000 UTC,341200
2019-08-29 00:00:00.000000 UTC,346734
2019-08-30 00:00:00.000000 UTC,349200
2019-08-31 00:00:00.000000 UTC,342195
2019-09-01 00:00:00.000000 UTC,285468
2019-09-02 00:00:00.000000 UTC,327248
2019-09-03 00:00:00.000000 UTC,370631
2019-09-04 00:00:00.000000 UTC,324741
2019-09-05 00:00:00.000000 UTC,352410
2019-09-06 00:00:00.000000 UTC,365531
2019-09-07 00:00:00.000000 UTC,314429
2019-09-08 00:00:00.000000 UTC,288507
2019-09-09 00:00:00.000000 UTC,316852
2019-09-10 00:00:00.000000 UTC,339858
2019-09-11 00:00:00.000000 UTC,338276
2019-09-12 00:00:00.000000 UTC,335868
2019-09-13 00:00:00.000000 UTC,308856
2019-09-14 00:00:00.000000 UTC,299894
2019-09-15 00:00:00.000000 UTC,274146
2019-09-16 00:00:00.000000 UTC,347341
2019-09-17 00:00:00.000000 UTC,343778
2019-09-18 00:00:00.000000 UTC,363185
2019-09-19 00:00:00.000000 UTC,346110
2019-09-20 00:00:00.000000 UTC,340929
2019-09-21 00:00:00.000000 UTC,336013
2019-09-22 00:00:00.000000 UTC,318713
2019-09-23 00:00:00.000000 UTC,288149
2019-09-24 00:00:00.000000 UTC,353263
2019-09-25 00:00:00.000000 UTC,347747
2019-09-26 00:00:00.000000 UTC,355775
2019-09-27 00:00:00.000000 UTC,303903
2019-09-28 00:00:00.000000 UTC,314433
2019-09-29 00:00:00.000000 UTC,285542
2019-09-30 00:00:00.000000 UTC,311396
2019-10-01 00:00:00.000000 UTC,337244
2019-10-02 00:00:00.000000 UTC,326557
2019-10-03 00:00:00.000000 UTC,326514
2019-10-04 00:00:00.000000 UTC,337222
2019-10-05 00:00:00.000000 UTC,326683
2019-10-06 00:00:00.000000 UTC,277613
2019-10-07 00:00:00.000000 UTC,328803
2019-10-08 00:00:00.000000 UTC,336354
2019-10-09 00:00:00.000000 UTC,311049
2019-10-10 00:00:00.000000 UTC,345048
2019-10-11 00:00:00.000000 UTC,345425
2019-10-12 00:00:00.000000 UTC,301693
2019-10-13 00:00:00.000000 UTC,279487
2019-10-14 00:00:00.000000 UTC,304466
2019-10-15 00:00:00.000000 UTC,339698
2019-10-16 00:00:00.000000 UTC,338473
2019-10-17 00:00:00.000000 UTC,334105
2019-10-18 00:00:00.000000 UTC,339390
2019-10-19 00:00:00.000000 UTC,304736
2019-10-20 00:00:00.000000 UTC,289796
2019-10-21 00:00:00.000000 UTC,351791
2019-10-22 00:00:00.000000 UTC,341464
2019-10-23 00:00:00.000000 UTC,349320
2019-10-24 00:00:00.000000 UTC,303843
2019-10-25 00:00:00.000000 UTC,328598
2019-10-26 00:00:00.000000 UTC,305722
2019-10-27 00:00:00.000000 UTC,256253
2019-10-28 00:00:00.000000 UTC,309611
2019-10-29 00:00:00.000000 UTC,307953
2019-10-30 00:00:00.000000 UTC,314163
2019-10-31 00:00:00.000000 UTC,293779
2019-11-01 00:00:00.000000 UTC,316187
2019-11-02 00:00:00.000000 UTC,284443
2019-11-03 00:00:00.000000 UTC,294367
2019-11-04 00:00:00.000000 UTC,310979
2019-11-05 00:00:00.000000 UTC,332839
2019-11-06 00:00:00.000000 UTC,314698
2019-11-07 00:00:00.000000 UTC,324487
2019-11-08 00:00:00.000000 UTC,311441
2019-11-09 00:00:00.000000 UTC,306163
2019-11-10 00:00:00.000000 UTC,299712
2019-11-11 00:00:00.000000 UTC,326707
2019-11-12 00:00:00.000000 UTC,301382
2019-11-13 00:00:00.000000 UTC,318945
2019-11-14 00:00:00.000000 UTC,350023
2019-11-15 00:00:00.000000 UTC,325145
2019-11-16 00:00:00.000000 UTC,283468
2019-11-17 00:00:00.000000 UTC,264370
2019-11-18 00:00:00.000000 UTC,304671
2019-11-19 00:00:00.000000 UTC,327630
2019-11-20 00:00:00.000000 UTC,321086
2019-11-21 00:00:00.000000 UTC,323954
2019-11-22 00:00:00.000000 UTC,310539
2019-11-23 00:00:00.000000 UTC,306424
2019-11-24 00:00:00.000000 UTC,267368
2019-11-25 00:00:00.000000 UTC,279470
2019-11-26 00:00:00.000000 UTC,321310
2019-11-27 00:00:00.000000 UTC,317597
2019-11-28 00:00:00.000000 UTC,309623
2019-11-29 00:00:00.000000 UTC,311290
2019-11-30 00:00:00.000000 UTC,277458
2019-12-01 00:00:00.000000 UTC,203271